Workbook

Sheet Import-Prep
A1: Customer Category | B1: Start Date | C1: cap_1 | D1: rate_1 | E1: cap_2 | F1: rate_2 | G1: cap_3 | H1: rate_3
A2: Residential, Single Family | B2: {=DATE(TRANSPOSE(SingleFamily!B1:M1),1,1)} -> 40179 | C2: 6000 | D2: {=TRANSPOSE(SingleFamily!B2:M2)} -> 2.21 | E2: 20000 | F2: {=TRANSPOSE(SingleFamily!B3:M3)} -> 3.64 | H2: {=TRANSPOSE(SingleFamily!B4:M4)} -> 5.39
B3: 40544 | C3: 6000 | D3: 2.29 | E3: 20000 | F3: 3.78 | H3: 5.6
B4: 40909 | C4: 6000 | D4: 2.38 | E4: 20000 | F4: 3.93 | H4: 5.82
B5: 41275 | C5: 6000 | D5: 2.47 | E5: 20000 | F5: 4.08 | H5: 6.05
B6: 41640 | C6: 6000 | D6: 2.56 | E6: 20000 | F6: 4.24 | H6: 6.29
B7: 42005 | C7: 6000 | D7: 2.66 | E7: 20000 | F7: 4.4 | H7: 6.54
B8: 42370 | C8: 6000 | D8: 2.76 | E8: 20000 | F8: 4.57 | H8: 6.8016
B9: 42736 | C9: 6000 | D9: 2.98 | E9: 20000 | F9: 4.93 | H9: 7.34
B10: 43101 | C10: 6000 | D10: 3.22 | E10: 20000 | F10: 5.32 | H10: 7.93
B11: 43466 | C11: 6000 | D11: 3.57 | E11: 20000 | F11: 7.35 | H11: 11.62
B12: 43831 | C12: 6000 | D12: 3.96 | E12: 20000 | F12: 8.15 | H12: 12.88
B13: 44197 | C13: 6000 | D13: 3.96 | E13: 20000 | F13: 8.15 | H13: 12.88
B14: =SingleFamily!B6 -> 44562 | C14: 6000 | D14: =SingleFamily!B7 -> 3.96 | E14: 20000 | F14: =SingleFamily!B8 -> 8.15 | H14: =SingleFamily!B9 -> 12.88
B15: =SingleFamily!B11 -> 44621 | C15: 6000 | D15: =SingleFamily!B12 -> 3.96 | E15: 20000 | F15: =SingleFamily!B13 -> 8.15 | H15: =SingleFamily!B14 -> 8.15
B16: =SingleFamily!B16 -> 44713 | C16: 8000 | D16: =SingleFamily!B17 -> 3.57 | E16: 40000 | F16: =SingleFamily!B18 -> 6.52 | H16: =SingleFamily!B19 -> 8.15
B17: {=DATE(TRANSPOSE(SingleFamily!B21:D21),1,1)} -> 44927 | C17: 8000 | D17: {=TRANSPOSE(SingleFamily!B22:D22)} -> 3.7128 | E17: 40000 | F17: {=TRANSPOSE(SingleFamily!B23:D23)} -> 6.7808 | H17: {=TRANSPOSE(SingleFamily!B24:D24)} -> 8.476
B18: 45292 | C18: 8000 | D18: 3.879876 | E18: 40000 | F18: 7.085936 | H18: 8.85742
B19: 45658 | C19: 8000 | D19: 4.035071 | E19: 40000 | F19: 7.3693734 | H19: 9.2117168
A20: Residential, Multi Family | B20: {=DATE(TRANSPOSE(MultiFamily!B1:Q1),1,1)} -> 40179 | D20: {=TRANSPOSE(MultiFamily!B2:Q2)} -> 4.52
B21: 40544 | D21: 4.7
B22: 40909 | D22: 4.88
B23: 41275 | D23: 5.07
B24: 41640 | D24: 5.27
B25: 42005 | D25: 5.48
B26: 42370 | D26: 5.69
B27: 42736 | D27: 6.14
B28: 43101 | D28: 6.63
B29: 43466 | D29: 7.11
B30: 43831 | D30: 7.55
B31: 44197 | D31: 7.55
B32: 44562 | D32: 7.55
... B35: 45658 | D35: 8.53

Sheet SingleFamily
B1: 2010 | C1: 2011 | D1: 2012 | E1: 2013 | F1: 2014 | G1: 2015 | H1: 2016 | I1: 2017 | J1: 2018 | K1: 2019 | L1: 2020 | M1: 2021
A2: Block 1 1-6,000 gallons | B2: 2.21 | C2: 2.29 | D2: 2.38 | E2: 2.47 | F2: 2.56 | G2: 2.66 | H2: 2.76 | I2: 2.98 | J2: 3.22 | K2: 3.57 | L2: 3.96 | M2: 3.96
A3: Block 2 6,001-20,000 gallons | B3: 3.64 | C3: 3.78 | D3: 3.93 | E3: 4.08 | F3: 4.24 | G3: 4.4 | H3: 4.57 | I3: 4.93 | J3: 5.32 | K3: 7.35 | L3: 8.15 | M3: 8.15
A4: Block 3 Over 20,000 gallons | B4: 5.39 | C4: 5.6 | D4: 5.82 | E4: 6.05 | F4: 6.29 | G4: 6.54 | H4: 6.8016 | I4: 7.34 | J4: 7.93 | K4: 11.62 | L4: 12.88 | M4: 12.88
B6: 44562
A7: Block 1 1-6,000 gallons | B7: 3.96 | D7: Notes
A8: Block 2 6,001-20,000 gallons | B8: 8.15 | D8: 2019 | E8: significant price increases in T2 and T3 based on recommendation of 2018 cost-of-service study and council adoption
A9: Block 3 Over 20,000 gallons | B9: 12.88 | D9: 2021 | E9: zero increase per COVID economic challenges (zero increase for 2022 as well)
D10: 44621 | E10: new council (following recall elections and water rates as primary political topic) seeks "rate relief" eliminating T3 price
B11: 44621 | D11: 44713 | E11: additional rate changes expand volume in tiers and reduce pricing further
A12: Block 1 1-6,000 gallons | B12: 3.96
A13: Block 2 6,001-20,000 gallons | B13: 8.15
A14: Block 3 Over 20,000 gallons | B14: 8.15 | G14: SF rates are applicable to accounts with StrType A, B or P
G15: Some SF accounts (a few hundred perhaps) are duplex/triplex where the #Unit value is not 1, rather 2 or 3
B16: 44713 | G16: In these cases, the price for each tier remains the same, but the volume available in each tier is multiplied by the unit count
A17: Tier 1 (1,000 - 8,000 gallons) | B17: 3.57 | G17: e.g., a duplex (2-unit) at the 2025 rates would have T1 from 1,000 - 16,000 gal, T2 from 17,000 - 80,000, T3 81,000+
A18: Tier 2 (9,000 - 40,000 gallons) | B18: 6.52
A19: Tier 3 (Over 41,000 gallons) | B19: 8.15
B21: 2023 | C21: 2024 | D21: 2025
A22: Tier 1 (1,000 - 8,000 gallons) | B22: =3.57*1.04 -> 3.7128 | C22: =3.7128*1.045 -> 3.879876 | D22: =3.879876*1.04 -> 4.035071
A23: Tier 2 (9,000 - 40,000 gallons) | B23: =6.52*1.04 -> 6.7808 | C23: =6.7808*1.045 -> 7.085936 | D23: =7.085936*1.04 -> 7.3693734
A24: Tier 3 (Over 41,000 gallons) | B24: =8.15*1.04 -> 8.476 | C24: =8.476*1.045 -> 8.85742 | D24: =8.85742*1.04 -> 9.2117168

Sheet MultiFamily
B1: 2010 | C1: 2011 | D1: 2012 | E1: 2013 | F1: 2014 | G1: 2015 | H1: 2016 | I1: 2017 | J1: 2018 | K1: 2019 | L1: 2020 | M1: 2021 | N1: 2022 | O1: 2023 | P1: 2024 | Q1: 2025
A2: Multi/HOA/Irrigation: Apartments, HOAs, Residential Irrigation, Public, Government | B2: 4.52 | C2: 4.7 | D2: 4.88 | E2: 5.07 | F2: 5.27 | G2: 5.48 | H2: 5.69 | I2: 6.14 | J2: 6.63 | K2: 7.11 | L2: 7.55 | M2: 7.55 | N2: 7.55 | O2: 7.85 | P2: 8.21 | Q2: 8.53
B4: MF rates are applicable to accounts with StrType C or D
B5: Just a flat rate, nothing fancy, kgal of total consumption * rate
B6: Property management then distributes costs to tenants, in myriad different ways!
